Test:,frags,Summary Stats,Reps:,300
Algorithm,Mean Accuracy,Standard Deviation,F1 Score,Component F1 Score
Random Forest,76.47988505747126,3.5154790021577753,0.6999303442460681,0.6999303442460681
Extra Trees,77.44827586206895,3.5433446515767146,0.7124853458382181,0.7124853458382181
SVM - Linear,76.69540229885057,3.412772206961644,0.7102122489816336,0.7102122489816336
SVM - RBF,78.98563218390804,3.3706921049270373,0.7356969894105317,0.7356969894105317
Neural Network,77.41379310344828,3.361700539789816,0.7319967266775776,0.7319967266775776
Linear Discriminant Analysis,76.23563218390804,3.5570720070089434,0.7053374189410675,0.7053374189410675
Gaussian Naive Bayes,72.37931034482757,3.5128719760919567,0.7113513513513514,0.7113513513513514
K-Nearest Neighbor,76.76149425287356,3.4376404474124906,0.7055953984491609,0.7055953984491609
